SNR_dB,Bias_1.0_sigma,Bias_2.0_sigma,Bias_3.0_sigma
0,0.17417322834645668,0.15614173228346456,0.15909448818897637
5,0.0547244094488189,0.03874015748031496,0.038051181102362205
10,0.006456692913385827,0.0007677165354330708,0.0008464566929133858
15,0.0005708661417322834,0.0,0.0
20,1.968503937007874e-05,0.0,0.0
25,3.937007874015748e-05,0.0,0.0
30,0.0,0.0,0.0
