SNR_dB,Bias_1.0_sigma,Bias_2.0_sigma,Bias_3.0_sigma
0,0.005749521792733263,0.00804964598551384,0.01217406075968974
5,0.0031457904046799834,0.005219573083985699,0.006572338044677749
10,0.0017527561033224659,0.002888607841532712,0.0037456052332135296
15,0.0010788928462651722,0.0014913696962280901,0.002226559334111425
20,0.0005917753620973297,0.000797736857545524,0.0012189586794302428
25,0.0003411806626129124,0.00047231782072792723,0.0006396808441350649
30,0.00017824957889713382,0.0002691707183192965,0.00032391168705716075
