{
    "snr_range": [
        0,
        5,
        10,
        15,
        20,
        25,
        30
    ],
    "results": {
        "1.0": {
            "ber": [
                0.17417322834645668,
                0.0547244094488189,
                0.006456692913385827,
                0.0005708661417322834,
                1.968503937007874e-05,
                3.937007874015748e-05,
                0.0
            ],
            "rmse": [
                0.0050886868928472,
                0.003173899185999489,
                0.001758215469515167,
                0.0010296113539714007,
                0.0006486922811607474,
                0.0003293785540658536,
                0.00018318310793604943
            ]
        },
        "2.0": {
            "ber": [
                0.15614173228346456,
                0.03874015748031496,
                0.0007677165354330708,
                0.0,
                0.0,
                0.0,
                0.0
            ],
            "rmse": [
                0.0083377626717348,
                0.004581603231474237,
                0.002819646048458036,
                0.0015178697530884029,
                0.0008048530988382453,
                0.00046011904364277835,
                0.00024655657145636534
            ]
        },
        "3.0": {
            "ber": [
                0.15909448818897637,
                0.038051181102362205,
                0.0008464566929133858,
                0.0,
                0.0,
                0.0,
                0.0
            ],
            "rmse": [
                0.01273468715824103,
                0.006612366480433214,
                0.0036102753916111953,
                0.001957995472754846,
                0.001118005155899329,
                0.0006170959591043538,
                0.0003746227297762918
            ]
        }
    }
}