{
    "snr_range": [
        0,
        5,
        10,
        15,
        20,
        25,
        30
    ],
    "results": {
        "1.0": {
            "ber": [
                0.17187007874015747,
                0.05655511811023622,
                0.006633858267716536,
                0.000531496062992126,
                5.905511811023622e-05,
                3.937007874015748e-05,
                3.937007874015748e-05
            ],
            "rmse": [
                0.005749521792733263,
                0.0031457904046799834,
                0.0017527561033224659,
                0.0010788928462651722,
                0.0005917753620973297,
                0.0003411806626129124,
                0.00017824957889713382
            ]
        },
        "2.0": {
            "ber": [
                0.1589763779527559,
                0.03897637795275591,
                0.0011023622047244095,
                0.0,
                0.0,
                0.0,
                0.0
            ],
            "rmse": [
                0.00804964598551384,
                0.005219573083985699,
                0.002888607841532712,
                0.0014913696962280901,
                0.000797736857545524,
                0.00047231782072792723,
                0.0002691707183192965
            ]
        },
        "3.0": {
            "ber": [
                0.15791338582677164,
                0.0371259842519685,
                0.000610236220472441,
                0.0,
                0.0,
                0.0,
                0.0
            ],
            "rmse": [
                0.01217406075968974,
                0.006572338044677749,
                0.0037456052332135296,
                0.002226559334111425,
                0.0012189586794302428,
                0.0006396808441350649,
                0.00032391168705716075
            ]
        }
    }
}